[
  {
    "id": "27b54347-c7f2-460c-9376-8d6271552795",
    "data": [
      {
        "text": "soy ",
        "userDefined": false
      },
      {
        "text": "Felipe",
        "meta": "@sys.person",
        "alias": "person",
        "userDefined": false
      }
    ],
    "isTemplate": false,
    "count": 0,
    "lang": "es",
    "updated": 0
  },
  {
    "id": "91a6c70c-4a20-4177-a80a-a81595fb4057",
    "data": [
      {
        "text": "Soy ",
        "userDefined": false
      },
      {
        "text": "Paula",
        "meta": "@sys.person",
        "alias": "person",
        "userDefined": false
      }
    ],
    "isTemplate": false,
    "count": 0,
    "lang": "es",
    "updated": 0
  },
  {
    "id": "f2b0555e-0008-42bb-baa8-167985dc8bc2",
    "data": [
      {
        "text": "Buenas",
        "meta": "@sys.location",
        "alias": "location",
        "userDefined": false
      }
    ],
    "isTemplate": false,
    "count": 0,
    "lang": "es",
    "updated": 0
  },
  {
    "id": "67311806-2f03-445d-be1b-8e168c15590e",
    "data": [
      {
        "text": "Buenas noches",
        "userDefined": false
      }
    ],
    "isTemplate": false,
    "count": 0,
    "lang": "es",
    "updated": 0
  },
  {
    "id": "b1c250d0-f2e2-4f20-addb-8e20d62daf77",
    "data": [
      {
        "text": "que mas",
        "userDefined": false
      }
    ],
    "isTemplate": false,
    "count": 0,
    "lang": "es",
    "updated": 0
  },
  {
    "id": "07edbd63-bed6-42dd-827e-e6f2dcadfe9f",
    "data": [
      {
        "text": "Buenos días",
        "userDefined": false
      }
    ],
    "isTemplate": false,
    "count": 0,
    "lang": "es",
    "updated": 0
  },
  {
    "id": "0c29ddac-571c-49e8-b738-da702439060f",
    "data": [
      {
        "text": "Hola",
        "userDefined": false
      }
    ],
    "isTemplate": false,
    "count": 0,
    "lang": "es",
    "updated": 0
  },
  {
    "id": "59d73d0b-5035-4e93-8d26-f84e3d3d8d06",
    "data": [
      {
        "text": "Saludos",
        "userDefined": false
      }
    ],
    "isTemplate": false,
    "count": 0,
    "lang": "es",
    "updated": 0
  },
  {
    "id": "89a1e11d-2dc4-4453-8dae-58cd206a3e76",
    "data": [
      {
        "text": "Chao",
        "userDefined": false
      }
    ],
    "isTemplate": false,
    "count": 0,
    "lang": "es",
    "updated": 0
  }
]